<?xml version="1.0" encoding="UTF-8" ?>
<module>
	<name>mailchimpsync</name>
	<displayName><![CDATA[Mailchimp Sync]]></displayName>
	<version><![CDATA[3.0.4]]></version>
	<description><![CDATA[Synchronise automatiquement votre liste d&#039;abonn&eacute;s dans PrestaShop avec votre compte MailChimp, et inversement aussi.]]></description>
	<author><![CDATA[S&eacute;bastien Jousse]]></author>
	<tab><![CDATA[advertising_marketing]]></tab>
	<confirmUninstall><![CDATA[Etes-vous sûr de vouloir désinstaller ce module ? Tous vos réglages seront perdus.]]></confirmUninstall>
	<is_configurable>1</is_configurable>
	<need_instance>0</need_instance>
	<limited_countries></limited_countries>
</module>