<?xml version="1.0" encoding="UTF-8" ?>
<module>
	<name>statsstock</name>
	<displayName><![CDATA[Quantit&eacute;s disponibles]]></displayName>
	<version><![CDATA[1.6.0]]></version>
	<description><![CDATA[Ajoute un onglet indiquant la quantit&eacute; de produits disponibles et en vente dans le tableau de bord des statistiques.]]></description>
	<author><![CDATA[PrestaShop]]></author>
	<tab><![CDATA[analytics_stats]]></tab>
	<is_configurable>0</is_configurable>
	<need_instance>0</need_instance>
	<limited_countries></limited_countries>
</module>